Date,North East,East of England,South East,South West,East Midlands,West Midlands,Yorkshire and The Humber,North West,
Jan-80,no data,no data,no data,"£19,937 ","£15,486 ","£16,872 ","£14,106 ",no data,
Feb-80,no data,no data,no data,"£19,937 ","£15,486 ","£16,872 ","£14,106 ",no data,
Mar-80,no data,no data,no data,"£19,937 ","£15,486 ","£16,872 ","£14,106 ",no data,
Apr-80,no data,no data,no data,"£20,405 ","£16,260 ","£17,170 ","£15,060 ",no data,
May-80,no data,no data,no data,"£20,405 ","£16,260 ","£17,170 ","£15,060 ",no data,
Jun-80,no data,no data,no data,"£20,405 ","£16,260 ","£17,170 ","£15,060 ",no data,
Jul-80,no data,no data,no data,"£22,426 ","£17,379 ","£17,993 ","£15,666 ",no data,
Aug-80,no data,no data,no data,"£22,426 ","£17,379 ","£17,993 ","£15,666 ",no data,
Sep-80,no data,no data,no data,"£22,426 ","£17,379 ","£17,993 ","£15,666 ",no data,
Oct-80,no data,no data,no data,"£22,064 ","£16,787 ","£18,098 ","£15,757 ",no data,
Nov-80,no data,no data,no data,"£22,064 ","£16,787 ","£18,098 ","£15,757 ",no data,
Dec-80,no data,no data,no data,"£22,064 ","£16,787 ","£18,098 ","£15,757 ",no data,
Jan-81,no data,no data,no data,"£21,128 ","£17,033 ","£18,116 ","£16,424 ",no data,
Feb-81,no data,no data,no data,"£21,128 ","£17,033 ","£18,116 ","£16,424 ",no data,
Mar-81,no data,no data,no data,"£21,128 ","£17,033 ","£18,116 ","£16,424 ",no data,
Apr-81,no data,no data,no data,"£22,192 ","£17,807 ","£18,396 ","£17,151 ",no data,
May-81,no data,no data,no data,"£22,192 ","£17,807 ","£18,396 ","£17,151 ",no data,
Jun-81,no data,no data,no data,"£22,192 ","£17,807 ","£18,396 ","£17,151 ",no data,
Jul-81,no data,no data,no data,"£22,894 ","£18,235 ","£18,554 ","£17,408 ",no data,
Aug-81,no data,no data,no data,"£22,894 ","£18,235 ","£18,554 ","£17,408 ",no data,
Sep-81,no data,no data,no data,"£22,894 ","£18,235 ","£18,554 ","£17,408 ",no data,
Oct-81,no data,no data,no data,"£21,447 ","£17,873 ","£17,731 ","£17,151 ",no data,
Nov-81,no data,no data,no data,"£21,447 ","£17,873 ","£17,731 ","£17,151 ",no data,
Dec-81,no data,no data,no data,"£21,447 ","£17,873 ","£17,731 ","£17,151 ",no data,
Jan-82,no data,no data,no data,"£21,937 ","£18,037 ","£17,906 ","£16,454 ",no data,
Feb-82,no data,no data,no data,"£21,937 ","£18,037 ","£17,906 ","£16,454 ",no data,
Mar-82,no data,no data,no data,"£21,937 ","£18,037 ","£17,906 ","£16,454 ",no data,
Apr-82,no data,no data,no data,"£22,596 ","£18,597 ","£18,694 ","£16,818 ",no data,
May-82,no data,no data,no data,"£22,596 ","£18,597 ","£18,694 ","£16,818 ",no data,
Jun-82,no data,no data,no data,"£22,596 ","£18,597 ","£18,694 ","£16,818 ",no data,
Jul-82,no data,no data,no data,"£22,788 ","£18,893 ","£18,712 ","£17,242 ",no data,
Aug-82,no data,no data,no data,"£22,788 ","£18,893 ","£18,712 ","£17,242 ",no data,
Sep-82,no data,no data,no data,"£22,788 ","£18,893 ","£18,712 ","£17,242 ",no data,
Oct-82,no data,no data,no data,"£23,681 ","£17,856 ","£18,957 ","£17,757 ",no data,
Nov-82,no data,no data,no data,"£23,681 ","£17,856 ","£18,957 ","£17,757 ",no data,
Dec-82,no data,no data,no data,"£23,681 ","£17,856 ","£18,957 ","£17,757 ",no data,
Jan-83,no data,no data,no data,"£23,618 ","£19,584 ","£19,623 ","£18,030 ",no data,
Feb-83,no data,no data,no data,"£23,618 ","£19,584 ","£19,623 ","£18,030 ",no data,
Mar-83,no data,no data,no data,"£23,618 ","£19,584 ","£19,623 ","£18,030 ",no data,
Apr-83,no data,no data,no data,"£25,107 ","£20,078 ","£19,798 ","£18,939 ",no data,
May-83,no data,no data,no data,"£25,107 ","£20,078 ","£19,798 ","£18,939 ",no data,
Jun-83,no data,no data,no data,"£25,107 ","£20,078 ","£19,798 ","£18,939 ",no data,
Jul-83,no data,no data,no data,"£25,532 ","£20,572 ","£20,849 ","£19,848 ",no data,
Aug-83,no data,no data,no data,"£25,532 ","£20,572 ","£20,849 ","£19,848 ",no data,
Sep-83,no data,no data,no data,"£25,532 ","£20,572 ","£20,849 ","£19,848 ",no data,
Oct-83,no data,no data,no data,"£26,384 ","£20,736 ","£20,324 ","£19,848 ",no data,
Nov-83,no data,no data,no data,"£26,384 ","£20,736 ","£20,324 ","£19,848 ",no data,
Dec-83,no data,no data,no data,"£26,384 ","£20,736 ","£20,324 ","£19,848 ",no data,
Jan-84,no data,no data,no data,"£25,745 ","£21,559 ","£20,849 ","£19,696 ",no data,
Feb-84,no data,no data,no data,"£25,745 ","£21,559 ","£20,849 ","£19,696 ",no data,
Mar-84,no data,no data,no data,"£25,745 ","£21,559 ","£20,849 ","£19,696 ",no data,
Apr-84,no data,no data,no data,"£26,809 ","£22,217 ","£21,200 ","£19,999 ",no data,
May-84,no data,no data,no data,"£26,809 ","£22,217 ","£21,200 ","£19,999 ",no data,
Jun-84,no data,no data,no data,"£26,809 ","£22,217 ","£21,200 ","£19,999 ",no data,
Jul-84,no data,no data,no data,"£27,660 ","£22,547 ","£21,900 ","£21,211 ",no data,
Aug-84,no data,no data,no data,"£27,660 ","£22,547 ","£21,900 ","£21,211 ",no data,
Sep-84,no data,no data,no data,"£27,660 ","£22,547 ","£21,900 ","£21,211 ",no data,
Oct-84,no data,no data,no data,"£28,086 ","£22,547 ","£21,900 ","£20,605 ",no data,
Nov-84,no data,no data,no data,"£28,086 ","£22,547 ","£21,900 ","£20,605 ",no data,
Dec-84,no data,no data,no data,"£28,086 ","£22,547 ","£21,900 ","£20,605 ",no data,
Jan-85,no data,no data,no data,"£27,660 ","£23,205 ","£21,375 ","£21,211 ",no data,
Feb-85,no data,no data,no data,"£27,660 ","£23,205 ","£21,375 ","£21,211 ",no data,
Mar-85,no data,no data,no data,"£27,660 ","£23,205 ","£21,375 ","£21,211 ",no data,
Apr-85,no data,no data,no data,"£29,575 ","£22,711 ","£22,426 ","£21,514 ",no data,
May-85,no data,no data,no data,"£29,575 ","£22,711 ","£22,426 ","£21,514 ",no data,
Jun-85,no data,no data,no data,"£29,575 ","£22,711 ","£22,426 ","£21,514 ",no data,
Jul-85,no data,no data,no data,"£30,001 ","£24,522 ","£23,127 ","£21,514 ",no data,
Aug-85,no data,no data,no data,"£30,001 ","£24,522 ","£23,127 ","£21,514 ",no data,
Sep-85,no data,no data,no data,"£30,001 ","£24,522 ","£23,127 ","£21,514 ",no data,
Oct-85,no data,no data,no data,"£31,277 ","£25,015 ","£22,952 ","£22,726 ",no data,
Nov-85,no data,no data,no data,"£31,277 ","£25,015 ","£22,952 ","£22,726 ",no data,
Dec-85,no data,no data,no data,"£31,277 ","£25,015 ","£22,952 ","£22,726 ",no data,
Jan-86,no data,no data,no data,"£32,128 ","£24,686 ","£23,477 ","£22,272 ",no data,
Feb-86,no data,no data,no data,"£32,128 ","£24,686 ","£23,477 ","£22,272 ",no data,
Mar-86,no data,no data,no data,"£32,128 ","£24,686 ","£23,477 ","£22,272 ",no data,
Apr-86,no data,no data,no data,"£33,618 ","£26,661 ","£23,828 ","£23,484 ",no data,
May-86,no data,no data,no data,"£33,618 ","£26,661 ","£23,828 ","£23,484 ",no data,
Jun-86,no data,no data,no data,"£33,618 ","£26,661 ","£23,828 ","£23,484 ",no data,
Jul-86,no data,no data,no data,"£34,894 ","£26,496 ","£25,404 ","£23,635 ",no data,
Aug-86,no data,no data,no data,"£34,894 ","£26,496 ","£25,404 ","£23,635 ",no data,
Sep-86,no data,no data,no data,"£34,894 ","£26,496 ","£25,404 ","£23,635 ",no data,
Oct-86,no data,no data,no data,"£35,958 ","£27,648 ","£25,755 ","£24,544 ",no data,
Nov-86,no data,no data,no data,"£35,958 ","£27,648 ","£25,755 ","£24,544 ",no data,
Dec-86,no data,no data,no data,"£35,958 ","£27,648 ","£25,755 ","£24,544 ",no data,
Jan-87,no data,no data,no data,"£37,448 ","£28,471 ","£25,404 ","£24,393 ",no data,
Feb-87,no data,no data,no data,"£37,448 ","£28,471 ","£25,404 ","£24,393 ",no data,
Mar-87,no data,no data,no data,"£37,448 ","£28,471 ","£25,404 ","£24,393 ",no data,
Apr-87,no data,no data,no data,"£38,937 ","£29,623 ","£27,682 ","£24,999 ",no data,
May-87,no data,no data,no data,"£38,937 ","£29,623 ","£27,682 ","£24,999 ",no data,
Jun-87,no data,no data,no data,"£38,937 ","£29,623 ","£27,682 ","£24,999 ",no data,
Jul-87,no data,no data,no data,"£40,639 ","£29,788 ","£29,084 ","£26,363 ",no data,
Aug-87,no data,no data,no data,"£40,639 ","£29,788 ","£29,084 ","£26,363 ",no data,
Sep-87,no data,no data,no data,"£40,639 ","£29,788 ","£29,084 ","£26,363 ",no data,
Oct-87,no data,no data,no data,"£43,489 ","£31,345 ","£29,741 ","£26,287 ",no data,
Nov-87,no data,no data,no data,"£43,489 ","£31,345 ","£29,741 ","£26,287 ",no data,
Dec-87,no data,no data,no data,"£43,489 ","£31,345 ","£29,741 ","£26,287 ",no data,
Jan-88,no data,no data,no data,"£45,872 ","£33,020 ","£31,544 ","£27,373 ",no data,
Feb-88,no data,no data,no data,"£45,872 ","£33,020 ","£31,544 ","£27,373 ",no data,
Mar-88,no data,no data,no data,"£45,872 ","£33,020 ","£31,544 ","£27,373 ",no data,
Apr-88,no data,no data,no data,"£49,149 ","£36,849 ","£35,374 ","£27,591 ",no data,
May-88,no data,no data,no data,"£49,149 ","£36,849 ","£35,374 ","£27,591 ",no data,
Jun-88,no data,no data,no data,"£49,149 ","£36,849 ","£35,374 ","£27,591 ",no data,
Jul-88,no data,no data,no data,"£59,872 ","£40,677 ","£42,133 ","£31,067 ",no data,
Aug-88,no data,no data,no data,"£59,872 ","£40,677 ","£42,133 ","£31,067 ",no data,
Sep-88,no data,no data,no data,"£59,872 ","£40,677 ","£42,133 ","£31,067 ",no data,
Oct-88,no data,no data,no data,"£65,830 ","£44,266 ","£45,513 ","£36,281 ",no data,
Nov-88,no data,no data,no data,"£65,830 ","£44,266 ","£45,513 ","£36,281 ",no data,
Dec-88,no data,no data,no data,"£65,830 ","£44,266 ","£45,513 ","£36,281 ",no data,
Jan-89,no data,no data,no data,"£62,553 ","£45,941 ","£47,541 ","£37,801 ",no data,
Feb-89,no data,no data,no data,"£62,553 ","£45,941 ","£47,541 ","£37,801 ",no data,
Mar-89,no data,no data,no data,"£62,553 ","£45,941 ","£47,541 ","£37,801 ",no data,
Apr-89,no data,no data,no data,"£64,341 ","£49,530 ","£48,217 ","£41,495 ",no data,
May-89,no data,no data,no data,"£64,341 ","£49,530 ","£48,217 ","£41,495 ",no data,
Jun-89,no data,no data,no data,"£64,341 ","£49,530 ","£48,217 ","£41,495 ",no data,
Jul-89,no data,no data,no data,"£68,511 ","£51,205 ","£50,921 ","£44,970 ",no data,
Aug-89,no data,no data,no data,"£68,511 ","£51,205 ","£50,921 ","£44,970 ",no data,
Sep-89,no data,no data,no data,"£68,511 ","£51,205 ","£50,921 ","£44,970 ",no data,
Oct-89,no data,no data,no data,"£65,234 ","£50,487 ","£50,245 ","£44,536 ",no data,
Nov-89,no data,no data,no data,"£65,234 ","£50,487 ","£50,245 ","£44,536 ",no data,
Dec-89,no data,no data,no data,"£65,234 ","£50,487 ","£50,245 ","£44,536 ",no data,
Jan-90,no data,no data,no data,"£59,397 ","£48,312 ","£50,231 ","£45,082 ",no data,
Feb-90,no data,no data,no data,"£59,397 ","£48,312 ","£50,231 ","£45,082 ",no data,
Mar-90,no data,no data,no data,"£59,397 ","£48,312 ","£50,231 ","£45,082 ",no data,
Apr-90,no data,no data,no data,"£59,279 ","£50,742 ","£48,525 ","£45,449 ",no data,
May-90,no data,no data,no data,"£59,279 ","£50,742 ","£48,525 ","£45,449 ",no data,
Jun-90,no data,no data,no data,"£59,279 ","£50,742 ","£48,525 ","£45,449 ",no data,
Jul-90,no data,no data,no data,"£59,338 ","£49,204 ","£51,034 ","£46,642 ",no data,
Aug-90,no data,no data,no data,"£59,338 ","£49,204 ","£51,034 ","£46,642 ",no data,
Sep-90,no data,no data,no data,"£59,338 ","£49,204 ","£51,034 ","£46,642 ",no data,
Oct-90,no data,no data,no data,"£58,215 ","£49,353 ","£50,532 ","£46,229 ",no data,
Nov-90,no data,no data,no data,"£58,215 ","£49,353 ","£50,532 ","£46,229 ",no data,
Dec-90,no data,no data,no data,"£58,215 ","£49,353 ","£50,532 ","£46,229 ",no data,
Jan-91,no data,no data,no data,"£56,206 ","£46,079 ","£49,278 ","£45,679 ",no data,
Feb-91,no data,no data,no data,"£56,206 ","£46,079 ","£49,278 ","£45,679 ",no data,
Mar-91,no data,no data,no data,"£56,206 ","£46,079 ","£49,278 ","£45,679 ",no data,
Apr-91,no data,no data,no data,"£55,910 ","£47,518 ","£50,382 ","£48,293 ",no data,
May-91,no data,no data,no data,"£55,910 ","£47,518 ","£50,382 ","£48,293 ",no data,
Jun-91,no data,no data,no data,"£55,910 ","£47,518 ","£50,382 ","£48,293 ",no data,
Jul-91,no data,no data,no data,"£58,865 ","£50,643 ","£50,884 ","£48,430 ",no data,
Aug-91,no data,no data,no data,"£58,865 ","£50,643 ","£50,884 ","£48,430 ",no data,
Sep-91,no data,no data,no data,"£58,865 ","£50,643 ","£50,884 ","£48,430 ",no data,
Oct-91,no data,no data,no data,"£56,915 ","£49,204 ","£49,579 ","£47,926 ",no data,
Nov-91,no data,no data,no data,"£56,915 ","£49,204 ","£49,579 ","£47,926 ",no data,
Dec-91,no data,no data,no data,"£56,915 ","£49,204 ","£49,579 ","£47,926 ",no data,
Jan-92,no data,no data,no data,"£55,910 ","£47,915 ","£50,081 ","£47,192 ",no data,
Feb-92,no data,no data,no data,"£55,910 ","£47,915 ","£50,081 ","£47,192 ",no data,
Mar-92,no data,no data,no data,"£55,910 ","£47,915 ","£50,081 ","£47,192 ",no data,
Apr-92,"£42,327 ","£57,065 ","£63,991 ","£53,842 ","£47,667 ","£49,729 ","£47,972 ",no data,
May-92,"£42,327 ","£57,065 ","£63,991 ","£53,842 ","£47,667 ","£49,729 ","£47,972 ",no data,
Jun-92,"£42,327 ","£57,065 ","£63,991 ","£53,842 ","£47,667 ","£49,729 ","£47,972 ",no data,
Jul-92,"£40,245 ","£57,790 ","£65,034 ","£54,566 ","£47,073 ","£47,911 ","£48,545 ",no data,
Aug-92,"£40,245 ","£57,790 ","£65,034 ","£54,566 ","£47,073 ","£47,911 ","£48,545 ",no data,
Sep-92,"£40,245 ","£57,790 ","£65,034 ","£54,566 ","£47,073 ","£47,911 ","£48,545 ",no data,
Oct-92,"£42,540 ","£56,283 ","£61,537 ","£51,100 ","£44,608 ","£46,953 ","£43,146 ",no data,
Nov-92,"£42,540 ","£56,283 ","£61,537 ","£51,100 ","£44,608 ","£46,953 ","£43,146 ",no data,
Dec-92,"£42,540 ","£56,283 ","£61,537 ","£51,100 ","£44,608 ","£46,953 ","£43,146 ",no data,
Jan-93,"£41,180 ","£54,831 ","£59,635 ","£50,376 ","£45,521 ","£47,576 ","£48,688 ",no data,
Feb-93,"£41,180 ","£54,831 ","£59,635 ","£50,376 ","£45,521 ","£47,576 ","£48,688 ",no data,
Mar-93,"£41,180 ","£54,831 ","£59,635 ","£50,376 ","£45,521 ","£47,576 ","£48,688 ",no data,
Apr-93,"£42,667 ","£55,557 ","£61,659 ","£50,635 ","£45,749 ","£45,900 ","£46,252 ",no data,
May-93,"£42,667 ","£55,557 ","£61,659 ","£50,635 ","£45,749 ","£45,900 ","£46,252 ",no data,
Jun-93,"£42,667 ","£55,557 ","£61,659 ","£50,635 ","£45,749 ","£45,900 ","£46,252 ",no data,
Jul-93,"£43,645 ","£57,120 ","£62,396 ","£52,342 ","£45,840 ","£48,868 ","£49,023 ",no data,
Aug-93,"£43,645 ","£57,120 ","£62,396 ","£52,342 ","£45,840 ","£48,868 ","£49,023 ",no data,
Sep-93,"£43,645 ","£57,120 ","£62,396 ","£52,342 ","£45,840 ","£48,868 ","£49,023 ",no data,
Oct-93,"£42,497 ","£55,334 ","£61,046 ","£52,600 ","£45,475 ","£48,868 ","£46,921 ",no data,
Nov-93,"£42,497 ","£55,334 ","£61,046 ","£52,600 ","£45,475 ","£48,868 ","£46,921 ",no data,
Dec-93,"£42,497 ","£55,334 ","£61,046 ","£52,600 ","£45,475 ","£48,868 ","£46,921 ",no data,
Jan-94,"£43,007 ","£56,004 ","£62,887 ","£51,514 ","£46,525 ","£49,394 ","£48,354 ",no data,
Feb-94,"£43,007 ","£56,004 ","£62,887 ","£51,514 ","£46,525 ","£49,394 ","£48,354 ",no data,
Mar-94,"£43,007 ","£56,004 ","£62,887 ","£51,514 ","£46,525 ","£49,394 ","£48,354 ",no data,
Apr-94,"£42,667 ","£56,339 ","£63,255 ","£53,531 ","£46,343 ","£47,719 ","£46,682 ",no data,
May-94,"£42,667 ","£56,339 ","£63,255 ","£53,531 ","£46,343 ","£47,719 ","£46,682 ",no data,
Jun-94,"£42,667 ","£56,339 ","£63,255 ","£53,531 ","£46,343 ","£47,719 ","£46,682 ",no data,
Jul-94,"£44,495 ","£56,841 ","£64,114 ","£53,324 ","£47,301 ","£48,293 ","£46,538 ",no data,
Aug-94,"£44,495 ","£56,841 ","£64,114 ","£53,324 ","£47,301 ","£48,293 ","£46,538 ",no data,
Sep-94,"£44,495 ","£56,841 ","£64,114 ","£53,324 ","£47,301 ","£48,293 ","£46,538 ",no data,
Oct-94,"£44,495 ","£57,065 ","£65,157 ","£54,307 ","£46,662 ","£47,671 ","£46,777 ",no data,
Nov-94,"£44,495 ","£57,065 ","£65,157 ","£54,307 ","£46,662 ","£47,671 ","£46,777 ",no data,
Dec-94,"£44,495 ","£57,065 ","£65,157 ","£54,307 ","£46,662 ","£47,671 ","£46,777 ",no data,
Jan-95,"£42,076 ","£56,702 ","£64,019 ","£54,705 ","£45,545 ","£48,528 ","£44,803 ","£43,958 ",
Feb-95,"£42,572 ","£56,594 ","£63,715 ","£54,356 ","£46,052 ","£49,341 ","£44,529 ","£43,925 ",
Mar-95,"£42,370 ","£56,171 ","£64,114 ","£53,583 ","£45,384 ","£49,442 ","£45,200 ","£44,435 ",
Apr-95,"£42,096 ","£56,568 ","£64,623 ","£54,786 ","£46,124 ","£49,456 ","£45,614 ","£44,268 ",
May-95,"£43,266 ","£56,480 ","£64,530 ","£54,699 ","£45,878 ","£50,370 ","£44,831 ","£44,224 ",
Jun-95,"£42,315 ","£56,289 ","£65,511 ","£54,420 ","£45,680 ","£50,100 ","£45,393 ","£44,113 ",
Jul-95,"£43,288 ","£57,242 ","£65,225 ","£54,266 ","£46,038 ","£49,860 ","£45,535 ","£44,110 ",
Aug-95,"£41,899 ","£56,732 ","£64,852 ","£54,366 ","£45,923 ","£49,598 ","£45,111 ","£44,194 ",
Sep-95,"£41,851 ","£56,259 ","£64,352 ","£54,244 ","£45,772 ","£49,320 ","£44,838 ","£44,088 ",
Oct-95,"£41,688 ","£55,240 ","£64,126 ","£54,265 ","£45,155 ","£49,598 ","£44,310 ","£43,110 ",
Nov-95,"£41,728 ","£55,878 ","£64,416 ","£53,799 ","£44,967 ","£48,500 ","£44,166 ","£43,335 ",
Dec-95,"£42,303 ","£55,524 ","£64,261 ","£53,081 ","£45,649 ","£49,030 ","£44,458 ","£43,374 ",
Jan-96,"£40,790 ","£55,033 ","£64,057 ","£53,373 ","£44,619 ","£47,952 ","£43,461 ","£42,599 ",
Feb-96,"£40,722 ","£55,316 ","£63,770 ","£53,255 ","£44,506 ","£48,646 ","£43,815 ","£43,081 ",
Mar-96,"£41,753 ","£55,063 ","£63,809 ","£53,608 ","£45,190 ","£48,811 ","£43,881 ","£43,163 ",
Apr-96,"£41,588 ","£55,822 ","£64,985 ","£54,762 ","£45,704 ","£48,753 ","£44,539 ","£43,390 ",
May-96,"£42,987 ","£56,140 ","£65,344 ","£54,871 ","£45,728 ","£50,098 ","£44,948 ","£43,924 ",
Jun-96,"£42,848 ","£56,601 ","£65,927 ","£55,076 ","£46,149 ","£49,846 ","£45,127 ","£43,872 ",
Jul-96,"£42,800 ","£57,073 ","£67,001 ","£55,958 ","£46,577 ","£50,430 ","£45,650 ","£44,307 ",
Aug-96,"£43,374 ","£57,951 ","£67,333 ","£56,224 ","£47,067 ","£51,189 ","£45,531 ","£44,595 ",
Sep-96,"£43,082 ","£57,609 ","£67,196 ","£56,444 ","£46,938 ","£50,847 ","£45,131 ","£44,639 ",
Oct-96,"£42,537 ","£57,669 ","£67,133 ","£56,786 ","£46,520 ","£50,979 ","£44,874 ","£44,473 ",
Nov-96,"£42,799 ","£58,421 ","£67,967 ","£57,182 ","£47,287 ","£51,598 ","£45,639 ","£44,455 ",
Dec-96,"£42,636 ","£58,964 ","£68,772 ","£56,951 ","£47,642 ","£51,418 ","£45,251 ","£44,641 ",
Jan-97,"£42,353 ","£59,081 ","£69,008 ","£57,751 ","£46,775 ","£51,120 ","£44,984 ","£44,095 ",
Feb-97,"£42,574 ","£59,684 ","£69,675 ","£57,921 ","£47,346 ","£51,443 ","£44,759 ","£44,691 ",
Mar-97,"£42,735 ","£59,869 ","£70,721 ","£58,623 ","£47,721 ","£52,104 ","£45,315 ","£45,054 ",
Apr-97,"£43,976 ","£60,358 ","£71,955 ","£59,538 ","£48,694 ","£52,548 ","£46,306 ","£44,946 ",
May-97,"£44,090 ","£61,737 ","£73,359 ","£59,732 ","£49,019 ","£53,616 ","£46,634 ","£45,704 ",
Jun-97,"£44,628 ","£62,774 ","£74,440 ","£60,592 ","£48,966 ","£53,806 ","£46,880 ","£46,450 ",
Jul-97,"£45,566 ","£64,183 ","£75,787 ","£61,532 ","£50,205 ","£54,310 ","£47,040 ","£46,223 ",
Aug-97,"£44,793 ","£64,667 ","£77,465 ","£62,591 ","£50,607 ","£55,301 ","£47,219 ","£46,873 ",
Sep-97,"£43,770 ","£65,007 ","£78,067 ","£62,991 ","£50,400 ","£54,852 ","£47,201 ","£46,959 ",
Oct-97,"£43,996 ","£66,077 ","£79,067 ","£63,110 ","£50,159 ","£54,235 ","£46,545 ","£46,519 ",
Nov-97,"£44,049 ","£65,528 ","£79,955 ","£64,054 ","£50,805 ","£54,736 ","£46,774 ","£46,719 ",
Dec-97,"£44,379 ","£66,206 ","£79,839 ","£63,445 ","£50,342 ","£55,536 ","£46,228 ","£46,266 ",
Jan-98,"£44,246 ","£66,899 ","£79,976 ","£64,148 ","£50,771 ","£55,163 ","£46,763 ","£46,309 ",
Feb-98,"£43,510 ","£66,739 ","£80,218 ","£63,963 ","£50,386 ","£55,109 ","£46,888 ","£45,834 ",
Mar-98,"£44,786 ","£66,989 ","£81,185 ","£64,870 ","£50,540 ","£55,160 ","£46,612 ","£46,318 ",
Apr-98,"£45,039 ","£68,585 ","£83,176 ","£66,258 ","£51,973 ","£56,192 ","£47,370 ","£47,647 ",
May-98,"£45,169 ","£69,688 ","£83,993 ","£67,018 ","£52,334 ","£56,858 ","£47,866 ","£48,398 ",
Jun-98,"£45,962 ","£70,045 ","£85,019 ","£66,736 ","£52,423 ","£57,404 ","£47,774 ","£48,056 ",
Jul-98,"£45,789 ","£70,958 ","£85,994 ","£68,712 ","£52,959 ","£57,718 ","£48,581 ","£48,451 ",
Aug-98,"£46,569 ","£71,126 ","£86,862 ","£68,913 ","£53,435 ","£58,324 ","£48,736 ","£48,136 ",
Sep-98,"£46,510 ","£71,680 ","£86,723 ","£68,213 ","£53,101 ","£57,766 ","£48,050 ","£48,319 ",
Oct-98,"£45,548 ","£71,563 ","£86,847 ","£68,126 ","£52,902 ","£57,781 ","£48,182 ","£48,095 ",
Nov-98,"£45,475 ","£71,198 ","£86,952 ","£68,951 ","£52,671 ","£57,647 ","£47,122 ","£48,075 ",
Dec-98,"£45,995 ","£71,285 ","£86,784 ","£68,368 ","£53,106 ","£57,832 ","£47,926 ","£48,397 ",
Jan-99,"£45,467 ","£71,966 ","£87,346 ","£69,448 ","£53,062 ","£58,274 ","£47,586 ","£47,593 ",
Feb-99,"£43,969 ","£72,027 ","£87,443 ","£69,380 ","£52,648 ","£57,670 ","£47,550 ","£47,474 ",
Mar-99,"£45,505 ","£71,939 ","£88,024 ","£70,924 ","£53,555 ","£58,333 ","£48,108 ","£48,068 ",
Apr-99,"£46,042 ","£73,545 ","£89,754 ","£71,531 ","£55,438 ","£59,152 ","£48,462 ","£49,400 ",
May-99,"£46,172 ","£74,291 ","£90,801 ","£72,521 ","£54,991 ","£59,886 ","£49,528 ","£50,010 ",
Jun-99,"£47,671 ","£75,804 ","£92,489 ","£73,632 ","£55,273 ","£60,904 ","£49,894 ","£50,187 ",
Jul-99,"£47,753 ","£77,158 ","£94,135 ","£74,976 ","£56,563 ","£61,658 ","£49,766 ","£50,873 ",
Aug-99,"£47,713 ","£78,190 ","£96,538 ","£75,894 ","£57,137 ","£62,499 ","£50,608 ","£51,335 ",
Sep-99,"£47,740 ","£79,917 ","£99,137 ","£78,103 ","£57,223 ","£62,542 ","£50,388 ","£51,541 ",
Oct-99,"£48,970 ","£80,391 ","£99,999 ","£78,979 ","£57,459 ","£63,172 ","£50,402 ","£51,421 ",
Nov-99,"£48,694 ","£82,173 ","£101,397 ","£79,882 ","£58,296 ","£63,408 ","£50,932 ","£51,780 ",
Dec-99,"£48,298 ","£83,819 ","£103,346 ","£81,210 ","£58,360 ","£63,944 ","£50,654 ","£52,056 ",
Jan-00,"£47,604 ","£84,192 ","£104,358 ","£81,381 ","£58,080 ","£63,833 ","£50,489 ","£51,177 ",
Feb-00,"£47,757 ","£83,989 ","£104,721 ","£82,595 ","£58,575 ","£64,137 ","£50,579 ","£50,975 ",
Mar-00,"£48,678 ","£85,921 ","£107,765 ","£84,214 ","£59,228 ","£64,648 ","£50,735 ","£52,419 ",
Apr-00,"£49,463 ","£89,206 ","£111,947 ","£86,912 ","£60,889 ","£66,676 ","£52,508 ","£53,612 ",
May-00,"£49,780 ","£91,172 ","£113,099 ","£88,141 ","£61,430 ","£67,270 ","£52,979 ","£53,590 ",
Jun-00,"£49,003 ","£91,593 ","£115,640 ","£89,406 ","£62,425 ","£68,165 ","£53,615 ","£53,453 ",
Jul-00,"£50,416 ","£93,781 ","£116,597 ","£91,214 ","£63,474 ","£68,916 ","£54,065 ","£54,299 ",
Aug-00,"£50,702 ","£95,082 ","£118,743 ","£92,258 ","£64,055 ","£69,835 ","£54,181 ","£55,001 ",
Sep-00,"£49,432 ","£95,568 ","£118,166 ","£92,647 ","£64,880 ","£69,754 ","£54,845 ","£54,916 ",
Oct-00,"£49,501 ","£94,454 ","£118,370 ","£92,617 ","£63,967 ","£69,406 ","£54,659 ","£55,245 ",
Nov-00,"£49,024 ","£95,100 ","£117,929 ","£92,584 ","£64,608 ","£70,594 ","£54,014 ","£55,433 ",
Dec-00,"£50,362 ","£96,195 ","£118,983 ","£92,016 ","£65,237 ","£71,234 ","£54,709 ","£56,079 ",
Jan-01,"£49,837 ","£96,628 ","£118,668 ","£92,100 ","£65,725 ","£71,065 ","£55,007 ","£55,927 ",
Feb-01,"£49,045 ","£96,649 ","£119,198 ","£92,717 ","£65,598 ","£71,384 ","£54,076 ","£55,380 ",
Mar-01,"£49,587 ","£98,009 ","£120,770 ","£94,674 ","£65,928 ","£72,689 ","£54,612 ","£55,698 ",
Apr-01,"£51,735 ","£99,735 ","£123,754 ","£97,798 ","£67,974 ","£74,436 ","£56,162 ","£57,500 ",
May-01,"£52,412 ","£101,764 ","£125,086 ","£98,508 ","£69,038 ","£75,471 ","£57,262 ","£57,694 ",
Jun-01,"£52,266 ","£102,969 ","£127,693 ","£99,762 ","£70,033 ","£76,019 ","£57,846 ","£59,276 ",
Jul-01,"£53,353 ","£105,160 ","£129,751 ","£102,517 ","£70,796 ","£76,463 ","£58,617 ","£60,084 ",
Aug-01,"£55,425 ","£108,078 ","£131,743 ","£104,465 ","£72,186 ","£78,646 ","£59,846 ","£60,726 ",
Sep-01,"£53,720 ","£108,535 ","£132,693 ","£105,619 ","£72,637 ","£78,671 ","£60,055 ","£61,271 ",
Oct-01,"£54,201 ","£109,230 ","£134,038 ","£106,765 ","£73,333 ","£78,652 ","£59,514 ","£61,151 ",
Nov-01,"£54,769 ","£110,583 ","£135,285 ","£107,209 ","£74,391 ","£79,834 ","£60,419 ","£61,510 ",
Dec-01,"£55,879 ","£111,665 ","£136,468 ","£107,601 ","£75,378 ","£80,779 ","£61,131 ","£62,331 ",
Jan-02,"£54,746 ","£112,374 ","£137,154 ","£108,960 ","£75,280 ","£80,653 ","£60,884 ","£61,872 ",
Feb-02,"£54,983 ","£113,392 ","£136,801 ","£109,637 ","£76,450 ","£80,881 ","£62,001 ","£61,566 ",
Mar-02,"£56,509 ","£115,809 ","£139,425 ","£113,298 ","£78,292 ","£83,416 ","£62,928 ","£63,660 ",
Apr-02,"£58,178 ","£120,065 ","£141,861 ","£115,278 ","£80,083 ","£85,464 ","£64,739 ","£64,596 ",
May-02,"£60,166 ","£123,090 ","£146,013 ","£118,717 ","£82,643 ","£88,015 ","£66,684 ","£67,351 ",
Jun-02,"£60,958 ","£125,088 ","£149,123 ","£122,468 ","£84,539 ","£90,683 ","£68,931 ","£68,494 ",
Jul-02,"£63,302 ","£129,419 ","£153,199 ","£126,349 ","£88,192 ","£92,437 ","£70,211 ","£70,780 ",
Aug-02,"£65,025 ","£132,917 ","£157,672 ","£129,887 ","£91,058 ","£95,134 ","£72,055 ","£71,765 ",
Sep-02,"£64,455 ","£134,094 ","£159,843 ","£132,198 ","£91,480 ","£96,813 ","£73,005 ","£71,768 ",
Oct-02,"£66,049 ","£137,098 ","£162,290 ","£135,148 ","£93,898 ","£98,653 ","£73,921 ","£72,562 ",
Nov-02,"£68,494 ","£140,637 ","£164,980 ","£137,401 ","£96,949 ","£100,767 ","£76,688 ","£74,763 ",
Dec-02,"£69,491 ","£141,858 ","£166,939 ","£138,960 ","£98,179 ","£102,749 ","£77,357 ","£75,567 ",
Jan-03,"£67,520 ","£144,866 ","£169,024 ","£141,452 ","£100,132 ","£104,468 ","£78,554 ","£76,069 ",
Feb-03,"£68,396 ","£144,848 ","£169,132 ","£140,641 ","£102,378 ","£104,109 ","£78,707 ","£75,939 ",
Mar-03,"£71,926 ","£145,968 ","£170,871 ","£143,651 ","£101,518 ","£107,284 ","£80,085 ","£76,959 ",
Apr-03,"£75,588 ","£149,010 ","£172,240 ","£145,317 ","£106,466 ","£108,791 ","£82,883 ","£80,698 ",
May-03,"£77,026 ","£149,708 ","£173,815 ","£147,079 ","£108,677 ","£111,250 ","£85,381 ","£82,862 ",
Jun-03,"£78,789 ","£149,449 ","£175,525 ","£148,955 ","£109,587 ","£111,828 ","£87,165 ","£84,244 ",
Jul-03,"£82,819 ","£153,579 ","£177,245 ","£151,149 ","£111,648 ","£114,213 ","£89,509 ","£87,160 ",
Aug-03,"£84,389 ","£154,232 ","£177,730 ","£151,746 ","£114,593 ","£117,481 ","£91,496 ","£89,471 ",
Sep-03,"£84,723 ","£154,002 ","£176,384 ","£152,814 ","£114,575 ","£116,867 ","£91,827 ","£89,616 ",
Oct-03,"£87,372 ","£155,412 ","£179,187 ","£154,585 ","£116,408 ","£118,832 ","£93,299 ","£91,689 ",
Nov-03,"£88,701 ","£156,131 ","£180,240 ","£154,304 ","£117,723 ","£120,803 ","£95,183 ","£93,428 ",
Dec-03,"£89,552 ","£157,713 ","£180,699 ","£157,032 ","£118,022 ","£123,394 ","£97,392 ","£96,223 ",
Jan-04,"£90,994 ","£159,710 ","£182,139 ","£158,495 ","£119,411 ","£122,858 ","£96,820 ","£95,632 ",
Feb-04,"£88,520 ","£160,205 ","£183,091 ","£158,169 ","£120,237 ","£124,026 ","£97,291 ","£96,905 ",
Mar-04,"£93,021 ","£161,608 ","£184,545 ","£161,520 ","£121,241 ","£125,958 ","£100,959 ","£98,505 ",
Apr-04,"£99,508 ","£165,136 ","£186,611 ","£165,311 ","£125,676 ","£129,480 ","£106,609 ","£104,383 ",
May-04,"£102,162 ","£166,518 ","£189,893 ","£168,379 ","£128,522 ","£131,961 ","£109,413 ","£108,067 ",
Jun-04,"£106,437 ","£170,031 ","£192,250 ","£172,331 ","£130,950 ","£136,181 ","£112,733 ","£111,344 ",
Jul-04,"£110,089 ","£172,266 ","£194,728 ","£175,460 ","£133,637 ","£138,858 ","£114,941 ","£115,878 ",
Aug-04,"£111,699 ","£174,609 ","£198,248 ","£176,345 ","£136,148 ","£140,986 ","£117,119 ","£117,150 ",
Sep-04,"£110,489 ","£175,391 ","£197,736 ","£178,524 ","£137,141 ","£141,105 ","£118,563 ","£117,771 ",
Oct-04,"£112,205 ","£175,716 ","£197,557 ","£178,088 ","£136,872 ","£142,228 ","£118,291 ","£118,500 ",
Nov-04,"£109,566 ","£175,981 ","£199,497 ","£179,185 ","£138,554 ","£142,444 ","£118,818 ","£119,980 ",
Dec-04,"£113,511 ","£174,955 ","£197,794 ","£177,553 ","£137,765 ","£142,696 ","£120,378 ","£120,191 ",
Jan-05,"£111,474 ","£175,323 ","£195,620 ","£175,838 ","£135,281 ","£140,028 ","£118,923 ","£118,939 ",
Feb-05,"£110,454 ","£173,555 ","£196,482 ","£176,020 ","£136,774 ","£141,548 ","£120,419 ","£117,630 ",
Mar-05,"£112,596 ","£173,743 ","£196,494 ","£176,376 ","£137,121 ","£141,930 ","£121,650 ","£120,919 ",
Apr-05,"£115,579 ","£174,294 ","£197,998 ","£177,112 ","£138,634 ","£143,202 ","£122,183 ","£123,118 ",
May-05,"£117,007 ","£177,100 ","£198,849 ","£177,973 ","£140,205 ","£144,167 ","£124,992 ","£125,769 ",
Jun-05,"£118,615 ","£178,067 ","£199,220 ","£178,555 ","£139,707 ","£146,219 ","£126,353 ","£127,557 ",
Jul-05,"£121,318 ","£179,281 ","£200,336 ","£180,979 ","£141,437 ","£147,649 ","£127,946 ","£128,994 ",
Aug-05,"£123,066 ","£178,969 ","£200,950 ","£180,356 ","£142,518 ","£148,529 ","£129,053 ","£130,263 ",
Sep-05,"£121,255 ","£179,366 ","£201,181 ","£180,846 ","£141,382 ","£147,680 ","£129,295 ","£130,291 ",
Oct-05,"£121,647 ","£178,385 ","£199,322 ","£180,883 ","£142,601 ","£147,573 ","£129,477 ","£129,915 ",
Nov-05,"£123,245 ","£178,199 ","£200,577 ","£180,778 ","£142,597 ","£148,518 ","£129,596 ","£130,312 ",
Dec-05,"£123,089 ","£179,512 ","£200,784 ","£181,798 ","£142,296 ","£148,914 ","£130,416 ","£132,554 ",
Jan-06,"£123,039 ","£178,992 ","£201,252 ","£181,152 ","£140,443 ","£147,576 ","£130,043 ","£130,144 ",
Feb-06,"£121,124 ","£179,220 ","£201,878 ","£180,356 ","£140,814 ","£148,738 ","£130,998 ","£131,609 ",
Mar-06,"£123,786 ","£180,623 ","£202,726 ","£183,672 ","£141,418 ","£148,994 ","£131,602 ","£131,139 ",
Apr-06,"£126,215 ","£183,445 ","£205,285 ","£185,201 ","£145,425 ","£150,422 ","£134,859 ","£135,797 ",
May-06,"£126,767 ","£185,049 ","£208,458 ","£187,087 ","£145,116 ","£154,180 ","£135,180 ","£136,328 ",
Jun-06,"£129,083 ","£185,328 ","£209,556 ","£189,380 ","£146,426 ","£153,497 ","£136,554 ","£138,412 ",
Jul-06,"£130,283 ","£189,027 ","£211,719 ","£191,277 ","£149,079 ","£153,551 ","£138,362 ","£139,630 ",
Aug-06,"£129,962 ","£190,703 ","£213,017 ","£193,535 ","£149,752 ","£155,921 ","£139,890 ","£140,071 ",
Sep-06,"£131,628 ","£190,772 ","£214,854 ","£193,878 ","£148,304 ","£156,665 ","£140,053 ","£141,339 ",
Oct-06,"£131,788 ","£192,058 ","£214,634 ","£195,904 ","£149,835 ","£156,493 ","£140,644 ","£141,121 ",
Nov-06,"£130,774 ","£192,726 ","£216,507 ","£197,357 ","£150,106 ","£157,410 ","£141,286 ","£142,273 ",
Dec-06,"£134,036 ","£194,903 ","£219,389 ","£198,583 ","£151,841 ","£158,291 ","£143,129 ","£143,832 ",
Jan-07,"£132,508 ","£194,994 ","£220,546 ","£197,597 ","£151,360 ","£157,384 ","£141,824 ","£142,760 ",
Feb-07,"£131,175 ","£195,405 ","£219,879 ","£198,960 ","£152,008 ","£157,787 ","£142,084 ","£143,625 ",
Mar-07,"£132,120 ","£197,034 ","£221,581 ","£201,839 ","£152,595 ","£158,644 ","£142,716 ","£143,912 ",
Apr-07,"£135,047 ","£199,474 ","£225,548 ","£202,684 ","£154,051 ","£161,809 ","£146,140 ","£146,541 ",
May-07,"£135,645 ","£201,392 ","£230,061 ","£205,886 ","£154,459 ","£162,202 ","£147,844 ","£147,774 ",
Jun-07,"£137,655 ","£204,908 ","£231,684 ","£207,413 ","£156,216 ","£162,624 ","£149,372 ","£149,942 ",
Jul-07,"£139,400 ","£206,815 ","£235,796 ","£210,108 ","£157,902 ","£163,918 ","£149,681 ","£150,382 ",
Aug-07,"£138,535 ","£208,231 ","£236,007 ","£211,402 ","£159,023 ","£165,807 ","£149,887 ","£151,511 ",
Sep-07,"£138,306 ","£209,102 ","£238,302 ","£212,666 ","£159,537 ","£165,011 ","£149,366 ","£151,088 ",
Oct-07,"£137,946 ","£208,926 ","£238,845 ","£211,641 ","£157,562 ","£165,390 ","£150,233 ","£151,346 ",
Nov-07,"£138,832 ","£209,624 ","£238,670 ","£211,624 ","£157,962 ","£164,201 ","£149,918 ","£150,751 ",
Dec-07,"£138,507 ","£209,409 ","£237,099 ","£209,153 ","£157,244 ","£165,241 ","£150,186 ","£152,427 ",
Jan-08,"£135,418 ","£207,691 ","£235,300 ","£207,936 ","£153,065 ","£161,758 ","£147,225 ","£148,289 ",
Feb-08,"£135,027 ","£205,848 ","£231,825 ","£203,729 ","£153,034 ","£162,208 ","£146,749 ","£146,830 ",
Mar-08,"£133,568 ","£203,401 ","£232,495 ","£202,208 ","£152,241 ","£160,432 ","£145,187 ","£144,962 ",
Apr-08,"£135,960 ","£202,149 ","£230,863 ","£203,157 ","£152,448 ","£159,743 ","£146,226 ","£147,411 ",
May-08,"£137,087 ","£204,037 ","£232,076 ","£203,439 ","£152,126 ","£161,333 ","£146,896 ","£146,681 ",
Jun-08,"£135,464 ","£200,939 ","£229,212 ","£199,568 ","£151,545 ","£159,656 ","£143,970 ","£146,137 ",
Jul-08,"£132,306 ","£200,308 ","£227,808 ","£198,090 ","£150,970 ","£156,057 ","£143,731 ","£143,839 ",
Aug-08,"£131,545 ","£193,182 ","£220,523 ","£194,290 ","£146,193 ","£153,811 ","£141,353 ","£142,260 ",
Sep-08,"£126,926 ","£188,408 ","£215,167 ","£190,686 ","£142,592 ","£151,810 ","£137,625 ","£137,890 ",
Oct-08,"£124,448 ","£183,685 ","£209,022 ","£186,431 ","£140,155 ","£148,779 ","£135,400 ","£136,469 ",
Nov-08,"£123,884 ","£178,494 ","£203,088 ","£179,719 ","£134,902 ","£144,774 ","£131,332 ","£132,872 ",
Dec-08,"£120,275 ","£176,835 ","£200,350 ","£175,280 ","£134,826 ","£141,893 ","£130,032 ","£131,533 ",
Jan-09,"£118,710 ","£175,528 ","£194,568 ","£173,483 ","£131,716 ","£139,999 ","£125,554 ","£127,472 ",
Feb-09,"£117,221 ","£171,619 ","£191,720 ","£173,252 ","£129,876 ","£138,503 ","£125,758 ","£126,938 ",
Mar-09,"£117,079 ","£168,263 ","£191,156 ","£171,666 ","£129,915 ","£136,966 ","£123,833 ","£124,654 ",
Apr-09,"£118,270 ","£170,921 ","£193,112 ","£171,356 ","£130,372 ","£137,313 ","£126,502 ","£127,765 ",
May-09,"£119,532 ","£173,914 ","£196,756 ","£174,181 ","£129,878 ","£139,243 ","£127,197 ","£128,224 ",
Jun-09,"£120,823 ","£173,800 ","£199,318 ","£177,983 ","£133,112 ","£139,485 ","£128,130 ","£128,858 ",
Jul-09,"£120,952 ","£178,444 ","£202,557 ","£179,938 ","£134,249 ","£143,597 ","£132,156 ","£130,826 ",
Aug-09,"£122,676 ","£180,570 ","£206,729 ","£181,846 ","£136,342 ","£144,704 ","£132,277 ","£131,723 ",
Sep-09,"£123,725 ","£182,708 ","£209,426 ","£184,484 ","£136,490 ","£144,956 ","£132,027 ","£132,352 ",
Oct-09,"£123,135 ","£182,946 ","£210,508 ","£184,995 ","£138,349 ","£146,929 ","£134,008 ","£133,220 ",
Nov-09,"£124,131 ","£184,531 ","£212,153 ","£185,919 ","£138,539 ","£146,230 ","£134,226 ","£133,662 ",
Dec-09,"£125,208 ","£185,387 ","£211,679 ","£186,816 ","£140,587 ","£148,354 ","£135,139 ","£135,758 ",
Jan-10,"£119,947 ","£187,910 ","£217,936 ","£188,404 ","£136,462 ","£146,424 ","£132,780 ","£131,060 ",
Feb-10,"£121,984 ","£188,039 ","£217,339 ","£189,126 ","£139,602 ","£147,484 ","£132,740 ","£133,089 ",
Mar-10,"£123,110 ","£188,188 ","£216,665 ","£188,491 ","£137,857 ","£146,692 ","£132,707 ","£131,297 ",
Apr-10,"£123,415 ","£191,141 ","£218,270 ","£190,514 ","£139,450 ","£149,119 ","£134,399 ","£134,160 ",
May-10,"£122,873 ","£191,996 ","£220,434 ","£192,511 ","£141,760 ","£149,465 ","£134,781 ","£134,292 ",
Jun-10,"£123,620 ","£191,586 ","£222,047 ","£193,285 ","£142,143 ","£150,817 ","£135,393 ","£134,718 ",
Jul-10,"£123,348 ","£194,838 ","£224,554 ","£194,617 ","£142,973 ","£151,124 ","£137,281 ","£133,975 ",
Aug-10,"£126,174 ","£194,104 ","£224,123 ","£196,163 ","£144,010 ","£150,663 ","£136,896 ","£135,743 ",
Sep-10,"£122,224 ","£195,063 ","£224,587 ","£195,803 ","£142,087 ","£152,089 ","£135,480 ","£134,331 ",
Oct-10,"£124,799 ","£191,946 ","£221,298 ","£194,165 ","£141,097 ","£149,193 ","£133,059 ","£133,166 ",
Nov-10,"£120,265 ","£191,273 ","£219,815 ","£191,693 ","£139,935 ","£149,168 ","£131,548 ","£131,198 ",
Dec-10,"£119,688 ","£190,404 ","£218,657 ","£189,735 ","£139,103 ","£148,525 ","£132,685 ","£131,347 ",
Jan-11,"£117,111 ","£189,424 ","£216,680 ","£188,992 ","£136,418 ","£146,490 ","£128,975 ","£129,892 ",
Feb-11,"£116,809 ","£187,264 ","£217,190 ","£187,669 ","£137,220 ","£144,486 ","£130,825 ","£128,951 ",
Mar-11,"£115,711 ","£188,535 ","£215,778 ","£187,586 ","£136,388 ","£143,209 ","£127,764 ","£127,767 ",
Apr-11,"£119,438 ","£189,403 ","£218,178 ","£188,251 ","£137,100 ","£145,562 ","£131,790 ","£129,500 ",
May-11,"£119,979 ","£189,682 ","£218,577 ","£187,412 ","£137,464 ","£145,692 ","£131,713 ","£128,753 ",
Jun-11,"£119,671 ","£189,105 ","£219,162 ","£189,494 ","£137,793 ","£145,807 ","£130,288 ","£128,484 ",
Jul-11,"£117,616 ","£191,792 ","£222,005 ","£191,264 ","£140,060 ","£146,184 ","£131,165 ","£130,275 ",
Aug-11,"£116,961 ","£192,616 ","£220,344 ","£191,964 ","£140,623 ","£146,183 ","£132,380 ","£131,341 ",
Sep-11,"£117,236 ","£190,805 ","£221,239 ","£189,499 ","£138,920 ","£147,655 ","£131,546 ","£130,472 ",
Oct-11,"£116,238 ","£190,749 ","£218,309 ","£189,765 ","£137,499 ","£144,812 ","£129,243 ","£129,674 ",
Nov-11,"£117,028 ","£191,616 ","£219,732 ","£188,933 ","£137,839 ","£145,825 ","£129,847 ","£127,346 ",
Dec-11,"£115,328 ","£190,795 ","£219,371 ","£187,426 ","£138,723 ","£143,628 ","£129,614 ","£128,039 ",
Jan-12,"£113,011 ","£191,894 ","£217,660 ","£189,942 ","£136,369 ","£145,071 ","£126,763 ","£125,780 ",
Feb-12,"£113,852 ","£190,306 ","£218,487 ","£189,653 ","£136,102 ","£143,615 ","£127,906 ","£127,311 ",
Mar-12,"£116,622 ","£189,084 ","£219,094 ","£188,079 ","£137,025 ","£144,779 ","£128,570 ","£127,820 ",
Apr-12,"£116,031 ","£192,846 ","£223,223 ","£190,924 ","£138,440 ","£144,490 ","£128,045 ","£128,284 ",
May-12,"£115,601 ","£193,690 ","£223,509 ","£190,367 ","£138,251 ","£144,126 ","£129,642 ","£127,459 ",
Jun-12,"£117,444 ","£193,515 ","£224,379 ","£191,813 ","£139,459 ","£147,713 ","£130,979 ","£129,810 ",
Jul-12,"£117,137 ","£196,166 ","£226,770 ","£193,530 ","£140,983 ","£147,399 ","£131,167 ","£129,030 ",
Aug-12,"£119,749 ","£196,204 ","£227,861 ","£192,032 ","£139,793 ","£147,401 ","£131,781 ","£130,137 ",
Sep-12,"£118,194 ","£195,032 ","£228,457 ","£191,674 ","£139,262 ","£147,227 ","£130,579 ","£129,970 ",
Oct-12,"£116,854 ","£195,730 ","£224,927 ","£191,820 ","£139,395 ","£145,709 ","£129,217 ","£126,997 ",
Nov-12,"£116,777 ","£195,007 ","£224,563 ","£191,426 ","£139,511 ","£146,988 ","£130,287 ","£128,922 ",
Dec-12,"£114,860 ","£194,059 ","£225,865 ","£187,901 ","£138,977 ","£147,386 ","£129,701 ","£127,862 ",
Jan-13,"£113,585 ","£194,209 ","£225,210 ","£189,820 ","£137,537 ","£145,005 ","£125,516 ","£124,578 ",
Feb-13,"£112,008 ","£192,418 ","£223,861 ","£189,236 ","£137,599 ","£145,470 ","£128,099 ","£127,100 ",
Mar-13,"£115,161 ","£196,235 ","£225,295 ","£190,494 ","£138,562 ","£145,983 ","£127,679 ","£126,970 ",
Apr-13,"£115,330 ","£196,687 ","£227,862 ","£193,336 ","£139,314 ","£146,320 ","£127,980 ","£127,515 ",
May-13,"£115,849 ","£195,928 ","£228,343 ","£192,848 ","£141,012 ","£147,312 ","£130,027 ","£128,085 ",
Jun-13,"£115,645 ","£198,110 ","£230,987 ","£193,267 ","£141,367 ","£149,457 ","£130,724 ","£129,600 ",
Jul-13,"£118,564 ","£201,279 ","£233,752 ","£195,066 ","£142,534 ","£150,343 ","£131,471 ","£129,713 ",
Aug-13,"£120,219 ","£202,193 ","£234,507 ","£196,500 ","£144,030 ","£151,665 ","£131,934 ","£131,532 ",
Sep-13,"£119,140 ","£202,026 ","£235,143 ","£198,055 ","£143,553 ","£149,816 ","£133,207 ","£131,408 ",
Oct-13,"£112,868 ","£203,714 ","£235,311 ","£197,254 ","£144,444 ","£151,179 ","£130,967 ","£129,085 ",
Nov-13,"£116,456 ","£202,626 ","£237,224 ","£197,476 ","£143,522 ","£151,495 ","£131,770 ","£130,047 ",
Dec-13,"£116,274 ","£207,270 ","£238,975 ","£198,613 ","£145,942 ","£152,008 ","£133,265 ","£131,350 ",
Jan-14,"£114,531 ","£205,792 ","£240,961 ","£198,252 ","£145,261 ","£152,152 ","£131,526 ","£129,790 ",
Feb-14,"£114,784 ","£207,358 ","£241,314 ","£198,985 ","£146,741 ","£151,239 ","£133,566 ","£131,370 ",
Mar-14,"£116,317 ","£208,325 ","£243,371 ","£200,618 ","£146,448 ","£153,209 ","£131,800 ","£130,061 ",
Apr-14,"£118,315 ","£212,541 ","£247,105 ","£204,087 ","£149,319 ","£155,245 ","£135,527 ","£133,616 ",
May-14,"£118,613 ","£216,195 ","£251,395 ","£204,098 ","£150,008 ","£155,724 ","£136,372 ","£134,136 ",
Jun-14,"£121,217 ","£218,023 ","£253,441 ","£204,781 ","£151,454 ","£157,736 ","£136,406 ","£135,870 ",
Jul-14,"£121,279 ","£221,817 ","£257,701 ","£209,034 ","£152,658 ","£158,073 ","£138,056 ","£136,629 ",
Aug-14,"£121,329 ","£224,167 ","£261,254 ","£211,731 ","£155,033 ","£160,571 ","£139,749 ","£138,230 ",
Sep-14,"£120,251 ","£226,243 ","£263,171 ","£213,432 ","£155,263 ","£160,011 ","£137,813 ","£138,050 ",
Oct-14,"£118,619 ","£227,303 ","£263,518 ","£212,152 ","£154,170 ","£159,925 ","£138,639 ","£137,383 ",
Nov-14,"£118,778 ","£226,352 ","£262,969 ","£210,799 ","£154,009 ","£159,782 ","£138,291 ","£136,864 ",
Dec-14,"£118,798 ","£227,176 ","£264,217 ","£211,576 ","£153,904 ","£160,267 ","£139,199 ","£136,688 ",
Jan-15,"£117,156 ","£228,276 ","£264,848 ","£212,878 ","£153,669 ","£158,683 ","£136,169 ","£136,041 ",
Feb-15,"£118,525 ","£229,383 ","£264,568 ","£210,050 ","£154,210 ","£160,388 ","£136,993 ","£137,141 ",
Mar-15,"£117,578 ","£229,497 ","£265,090 ","£212,109 ","£154,728 ","£159,293 ","£137,740 ","£135,261 ",
Apr-15,"£121,598 ","£231,912 ","£268,550 ","£214,541 ","£155,680 ","£161,813 ","£138,435 ","£137,256 ",
May-15,"£120,610 ","£235,052 ","£271,147 ","£215,498 ","£157,709 ","£162,631 ","£141,654 ","£139,668 ",
Jun-15,"£122,584 ","£236,143 ","£275,224 ","£217,582 ","£158,960 ","£164,404 ","£141,872 ","£139,138 ",
Jul-15,"£122,669 ","£241,817 ","£279,875 ","£220,044 ","£161,180 ","£166,016 ","£144,733 ","£141,510 ",
Aug-15,"£123,621 ","£244,547 ","£283,369 ","£223,210 ","£163,208 ","£167,862 ","£145,313 ","£142,463 ",
Sep-15,"£123,304 ","£247,282 ","£284,374 ","£224,435 ","£162,174 ","£167,590 ","£144,635 ","£142,769 ",
Oct-15,"£121,512 ","£248,467 ","£286,452 ","£224,226 ","£163,771 ","£167,550 ","£144,325 ","£142,082 ",
Nov-15,"£123,032 ","£251,803 ","£288,509 ","£226,490 ","£164,460 ","£168,871 ","£145,036 ","£142,829 ",
Dec-15,"£123,597 ","£252,915 ","£291,298 ","£226,855 ","£165,081 ","£169,286 ","£145,531 ","£142,866 ",
Jan-16,"£121,096 ","£255,235 ","£293,678 ","£226,547 ","£164,946 ","£169,747 ","£144,594 ","£143,139 ",
Feb-16,"£121,085 ","£255,450 ","£295,613 ","£227,523 ","£164,383 ","£168,691 ","£145,064 ","£143,009 ",
Mar-16,"£122,837 ","£259,686 ","£300,201 ","£233,607 ","£165,175 ","£169,300 ","£143,824 ","£141,447 ",
Apr-16,"£122,481 ","£259,733 ","£297,712 ","£227,636 ","£167,913 ","£172,955 ","£148,145 ","£146,681 ",
May-16,"£124,696 ","£264,377 ","£301,202 ","£231,318 ","£168,771 ","£174,741 ","£148,712 ","£147,753 ",
Jun-16,"£126,898 ","£267,333 ","£305,125 ","£233,700 ","£170,091 ","£176,729 ","£150,349 ","£148,176 ",
Jul-16,"£127,710 ","£270,678 ","£309,069 ","£235,665 ","£171,782 ","£176,943 ","£151,334 ","£150,341 ",
Aug-16,"£126,116 ","£271,151 ","£309,981 ","£236,832 ","£172,649 ","£178,960 ","£151,486 ","£150,174 ",
Sep-16,"£124,781 ","£273,097 ","£307,429 ","£237,148 ","£173,272 ","£178,837 ","£150,519 ","£150,038 ",
Oct-16,"£124,213 ","£272,589 ","£307,992 ","£235,617 ","£172,479 ","£177,065 ","£150,358 ","£148,332 ",
Nov-16,"£124,910 ","£273,382 ","£307,867 ","£237,150 ","£173,872 ","£179,248 ","£151,219 ","£149,723 ",
Dec-16,"£126,333 ","£275,945 ","£309,185 ","£236,288 ","£174,665 ","£179,668 ","£152,583 ","£149,560 ",
Jan-17,"£122,055 ","£275,049 ","£312,895 ","£238,829 ","£172,959 ","£178,494 ","£148,916 ","£149,371 ",
Feb-17,"£124,088 ","£277,280 ","£310,033 ","£239,143 ","£175,110 ","£179,530 ","£150,721 ","£150,960 ",
Mar-17,"£121,858 ","£275,435 ","£310,447 ","£238,248 ","£174,956 ","£179,542 ","£149,660 ","£149,615 ",
Apr-17,"£124,897 ","£279,497 ","£313,583 ","£240,489 ","£177,942 ","£181,411 ","£153,248 ","£152,217 ",
May-17,"£127,074 ","£282,054 ","£315,314 ","£242,531 ","£178,966 ","£183,199 ","£154,547 ","£153,126 ",
Jun-17,"£128,096 ","£283,381 ","£318,364 ","£245,039 ","£180,204 ","£185,214 ","£155,802 ","£155,061 ",
Jul-17,"£127,983 ","£287,743 ","£321,088 ","£248,904 ","£183,172 ","£187,219 ","£156,514 ","£156,761 ",
Aug-17,"£129,738 ","£287,534 ","£323,089 ","£250,432 ","£182,763 ","£189,271 ","£158,077 ","£158,252 ",
Sep-17,"£127,527 ","£288,342 ","£322,596 ","£249,369 ","£183,816 ","£188,232 ","£157,934 ","£157,751 ",
Oct-17,"£128,590 ","£288,473 ","£322,066 ","£250,981 ","£184,044 ","£188,849 ","£156,897 ","£157,301 ",
Nov-17,"£127,126 ","£287,143 ","£320,212 ","£249,345 ","£183,974 ","£188,640 ","£157,088 ","£157,804 ",
Dec-17,"£130,118 ","£289,022 ","£320,733 ","£249,309 ","£184,942 ","£190,466 ","£158,435 ","£158,863 ",
Jan-18,"£124,169 ","£288,947 ","£320,978 ","£252,533 ","£184,574 ","£187,845 ","£155,888 ","£155,596 ",
Feb-18,"£126,444 ","£288,286 ","£321,375 ","£250,793 ","£187,235 ","£190,682 ","£155,694 ","£157,519 ",
Mar-18,"£124,038 ","£286,499 ","£319,876 ","£250,615 ","£184,845 ","£190,077 ","£156,466 ","£155,625 ",
Apr-18,"£128,330 ","£287,656 ","£321,353 ","£250,254 ","£187,276 ","£191,375 ","£157,431 ","£157,768 ",
May-18,"£128,840 ","£288,222 ","£321,825 ","£251,132 ","£188,826 ","£191,299 ","£159,541 ","£158,823 ",
Jun-18,"£128,049 ","£289,469 ","£324,665 ","£252,603 ","£189,259 ","£193,886 ","£160,484 ","£160,314 ",
Jul-18,"£131,245 ","£293,936 ","£327,091 ","£256,893 ","£191,231 ","£196,297 ","£162,020 ","£162,345 ",
Aug-18,"£130,376 ","£294,035 ","£328,061 ","£258,465 ","£192,610 ","£196,757 ","£164,088 ","£163,092 ",
Sep-18,"£130,223 ","£292,574 ","£327,054 ","£258,839 ","£194,049 ","£198,120 ","£162,180 ","£163,068 ",
Oct-18,"£130,759 ","£293,045 ","£324,475 ","£256,898 ","£191,666 ","£197,972 ","£161,750 ","£163,838 ",
Nov-18,"£128,894 ","£293,428 ","£323,266 ","£256,928 ","£192,979 ","£196,446 ","£161,471 ","£163,186 ",
Dec-18,"£128,696 ","£290,870 ","£321,118 ","£256,577 ","£191,694 ","£198,469 ","£162,130 ","£162,769 ",
Jan-19,"£125,448 ","£288,659 ","£322,226 ","£254,632 ","£191,237 ","£195,498 ","£160,341 ","£161,409 ",
Feb-19,"£124,533 ","£289,832 ","£320,095 ","£255,243 ","£190,990 ","£197,368 ","£159,284 ","£162,066 ",
Mar-19,"£124,666 ","£286,802 ","£317,129 ","£253,051 ","£190,586 ","£195,058 ","£160,771 ","£160,670 ",
Apr-19,"£128,863 ","£287,986 ","£318,912 ","£252,921 ","£191,571 ","£195,476 ","£161,839 ","£162,254 ",
May-19,"£128,851 ","£288,711 ","£318,250 ","£252,527 ","£191,927 ","£197,002 ","£162,208 ","£163,986 ",
Jun-19,"£129,511 ","£288,342 ","£320,835 ","£252,692 ","£192,029 ","£196,679 ","£163,658 ","£163,809 ",
Jul-19,"£129,844 ","£291,364 ","£322,549 ","£258,177 ","£193,480 ","£197,675 ","£164,990 ","£166,118 ",
Aug-19,"£131,440 ","£290,519 ","£322,720 ","£258,322 ","£195,345 ","£200,304 ","£165,547 ","£167,693 ",
Sep-19,"£131,917 ","£291,814 ","£323,762 ","£258,780 ","£194,867 ","£200,466 ","£165,445 ","£167,011 ",
Oct-19,"£129,316 ","£290,903 ","£322,285 ","£258,647 ","£194,705 ","£199,973 ","£166,226 ","£166,780 ",
Nov-19,"£129,493 ","£288,880 ","£322,200 ","£256,540 ","£194,873 ","£200,095 ","£164,876 ","£166,081 ",
Dec-19,"£129,310 ","£290,569 ","£321,278 ","£256,349 ","£194,489 ","£198,301 ","£165,654 ","£165,148 ",
Jan-20,"£127,346 ","£288,877 ","£321,704 ","£257,494 ","£195,100 ","£201,060 ","£164,553 ","£164,563 ",
Feb-20,"£126,993 ","£289,018 ","£318,182 ","£256,208 ","£193,480 ","£198,974 ","£164,353 ","£164,760 ",
Mar-20,"£128,306 ","£288,077 ","£323,167 ","£259,458 ","£195,701 ","£199,637 ","£165,360 ","£166,588 ",
Apr-20,"£123,222 ","£290,593 ","£325,154 ","£256,514 ","£195,185 ","£195,075 ","£160,140 ","£163,904 ",
May-20,"£127,999 ","£290,117 ","£320,817 ","£256,208 ","£194,596 ","£200,156 ","£164,970 ","£164,258 ",
Jun-20,"£129,666 ","£291,772 ","£322,024 ","£259,382 ","£198,494 ","£201,330 ","£167,941 ","£168,769 ",
Jul-20,"£130,778 ","£292,176 ","£325,748 ","£263,582 ","£200,434 ","£203,527 ","£168,740 ","£171,303 ",
Aug-20,"£131,543 ","£296,143 ","£329,417 ","£265,158 ","£200,918 ","£205,908 ","£171,000 ","£173,316 ",
Sep-20,"£134,794 ","£300,021 ","£331,926 ","£269,727 ","£201,616 ","£207,291 ","£171,828 ","£174,352 ",
Oct-20,"£134,715 ","£298,840 ","£332,489 ","£271,744 ","£204,424 ","£208,805 ","£174,360 ","£177,827 ",
Nov-20,"£137,358 ","£300,060 ","£336,738 ","£273,200 ","£207,054 ","£210,348 ","£178,145 ","£178,595 ",
Dec-20,"£138,980 ","£303,983 ","£337,686 ","£276,477 ","£209,567 ","£213,578 ","£179,316 ","£181,696 ",
Jan-21,"£139,236 ","£306,283 ","£340,552 ","£277,271 ","£211,091 ","£213,786 ","£181,214 ","£182,234 ",
Feb-21,"£139,497 ","£307,302 ","£339,787 ","£277,987 ","£212,764 ","£216,219 ","£181,319 ","£184,710 ",
Mar-21,"£142,511 ","£310,039 ","£344,724 ","£282,898 ","£213,897 ","£218,064 ","£183,188 ","£186,939 ",
Apr-21,"£140,152 ","£308,296 ","£342,086 ","£279,228 ","£211,665 ","£216,497 ","£179,999 ","£184,388 ",
May-21,"£140,024 ","£308,003 ","£342,227 ","£276,754 ","£211,871 ","£216,741 ","£181,853 ","£184,621 ",
Jun-21,"£152,441 ","£322,993 ","£358,629 ","£298,345 ","£224,919 ","£230,984 ","£195,830 ","£199,989 ",
Jul-21,"£141,382 ","£309,030 ","£344,318 ","£273,770 ","£212,160 ","£216,752 ","£180,018 ","£183,796 ",
Aug-21,"£143,867 ","£319,312 ","£354,370 ","£287,201 ","£218,318 ","£224,071 ","£186,332 ","£189,930 ",
Sep-21,"£154,819 ","£327,929 ","£365,884 ","£300,793 ","£227,212 ","£230,628 ","£196,014 ","£200,667 ",
Oct-21,"£143,484 ","£325,382 ","£361,533 ","£295,103 ","£223,137 ","£224,506 ","£185,945 ","£189,810 ",
Nov-21,"£145,798 ","£331,587 ","£365,907 ","£302,037 ","£226,236 ","£228,743 ","£190,804 ","£195,127 ",
Dec-21,"£146,618 ","£332,146 ","£367,597 ","£303,780 ","£228,541 ","£232,000 ","£192,328 ","£197,318 ",
Jan-22,"£148,902 ","£336,599 ","£375,257 ","£308,148 ","£232,276 ","£234,358 ","£195,487 ","£200,506 ",